/r/subredditoftheday,27.4
/r/internetdrama,10.2
/r/subredditdrama,62.76
/r/outoftheloop,174.18
/r/HobbyDrama,203.2
/r/place,0.0
/r/thanosdidnothingwrong,13.3
/r/thebutton,24.18
/r/joinrobin,0.0
/r/reddit.com,76.86
/r/Friday,2.6
/r/katyheads,0.2
/r/SteelyDan,0.75
/r/TheCure,0.467
/r/rebeccablack,0.0
/r/FormerPizzaHuts,3.8
/r/FormerTacoBells,1.0
/r/FormerBlockbusters,0.2
/r/youseeingthisshit,3.08
/r/NotFoolingAnybody,0.2
/r/spreadytoes,16.35
/r/KittenMittens,0.0
/r/toebeans,0.16
/r/murdermittens,1.26
/r/jellybeantoes,0.267
/r/blop,0.18
/r/WiggleButts,1.08
/r/sploot,0.34
/r/Zoomies,10.28
/r/rarepuppers,49.84
/r/notinteresting,10.36
/r/interesting,0.58
/r/mildlyinteresting,411.1
/r/Damnthatsinteresting,599.0
/r/interestingasfuck,1365.1
/r/lagerfeuer,0.0
/r/boxingdiscussion,0.0
/r/bridgertonnetflix,18.2
/r/batwomantv,14.68
/r/mahlzeitvideos,0.0
/r/porcupinetree,0.4
/r/animalsbeinggeniuses,2.0
/r/naturalbodybuilding,0.733
/r/cheesemaking,1.333
/r/PCBaumeister,2.4
/r/coachella,0.514
/r/trainporn,3.26
/r/ufoscience,8.4
/r/arthistory,1.325
